user_id,shelf,isbn,title,author,num_pages,publication_year,publisher,my_rating,average_rating,ratings_count,links
40732498,read,9707311150,Ensayo Sobre la Ceguera,José Saramago,329.0,2006-01-01,Punto de Lectura,4.0,4.14,4.14,www.goodreads.com/book/show/47668.Ensayo_Sobre_la_Ceguera
40732498,read,,1984,George Orwell,328.0,1950-01-01,New American Library,4.0,4.19,4.19,www.goodreads.com/book/show/5470.1984
40732498,read,0451457994,"2001: A Space Odyssey (Space Odyssey, #1)",Arthur C. Clarke,297.0,2000-01-01,Roc,3.0,4.15,4.15,www.goodreads.com/book/show/70535.2001
40732498,read,0307465357,"The 4-Hour Workweek: Escape 9-5, Live Anywhere, and Join the New Rich",Timothy Ferriss,396.0,2009-01-01,Harmony,3.0,3.89,3.89,www.goodreads.com/book/show/6444424-the-4-hour-workweek
40732498,read,9380227884,8 to be Great: The 8 Traits Successful People Have in Common,Richard St. John,,,,2.0,4.07,4.07,www.goodreads.com/book/show/19761002-8-to-be-great
40732498,read,,"80,000 Hours: Find a fulfilling career that does good",Benjamin Todd,,,,4.0,4.08,4.08,www.goodreads.com/book/show/33229792-80-000-hours
40732498,read,0307265838,After Dark,Haruki Murakami,191.0,2007-01-01,Knopf Publishing Group,3.0,3.71,3.71,www.goodreads.com/book/show/17803.After_Dark
40732498,read,6070705734,Albercas,Juan Villoro,,2010-01-01,,2.0,3.51,3.51,www.goodreads.com/book/show/11112380-albercas
40732498,read,1627790365,Algorithms to Live By: The Computer Science of Human Decisions,Brian Christian,368.0,2016-01-01,Henry Holt and Co.,4.0,4.15,4.15,www.goodreads.com/book/show/25666050-algorithms-to-live-by
40732498,read,9708103055,El Alquimista,Paulo Coelho,,2011-01-01,,1.0,3.88,3.88,www.goodreads.com/book/show/13164565-el-alquimista
40732498,read,,Amarres perros. Una autobiografía,Jorge G. Castañeda,,,,1.0,3.62,3.62,www.goodreads.com/book/show/23645706-amarres-perros-una-autobiograf-a
40732498,read,,An Enquiry concerning Human Understanding,David Hume,304.0,2007-01-01,Oxford Univeristy Press,,3.92,3.92,www.goodreads.com/book/show/18519455-an-enquiry-concerning-human-understanding
40732498,read,0452284244,Animal Farm,George Orwell,122.0,2003-01-01,NAL,1.0,3.95,3.95,www.goodreads.com/book/show/7613.Animal_Farm
40732498,read,2842917413,Antimanuel de philosophie,Michel Onfray,334.0,2001-01-01,Bréal,3.0,3.9,3.9,www.goodreads.com/book/show/1838031.Antimanuel_de_philosophie
40732498,read,0241209048,Anything You Want: 40 Lessons for a New Kind of Entrepreneur,Derek Sivers,,2015-01-01,Penguin,3.0,4.08,4.08,www.goodreads.com/book/show/27436585-anything-you-want
40732498,read,8434428199,La Argumentación,Christian Plantin,159.0,1998-01-01,Ariel,1.0,3.07,3.07,www.goodreads.com/book/show/5752694-la-argumentaci-n
40732498,read,,Atomic Habits: An Easy & Proven Way to Build Good Habits & Break Bad Ones,James Clear,,,,4.0,4.34,4.34,www.goodreads.com/book/show/40121378-atomic-habits
40732498,read,9580469717,Aura,Carlos Fuentes,65.0,2004-01-01,Grupo Editorial Norma,1.0,3.81,3.81,www.goodreads.com/book/show/56899.Aura
40732498,read,0743222989,Authentic Happiness: Using the New Positive Psychology to Realize Your Potential for Lasting Fulfillment,Martin E.P. Seligman,336.0,2004-01-01,Atria Books,2.0,3.95,3.95,www.goodreads.com/book/show/28012.Authentic_Happiness
40732498,read,950042536X,Un año con Schopenhauer,Irvin D. Yalom,,,,4.0,4.24,4.24,www.goodreads.com/book/show/167986.Un_a_o_con_Schopenhauer
40732498,read,0684824299,The Bell Curve: Intelligence and Class Structure in American Life,Richard J. Herrnstein,912.0,1996-01-01,Free Press,3.0,3.55,3.55,www.goodreads.com/book/show/223556.The_Bell_Curve
40732498,read,1119282713,The Big Book of Dashboards: Visualizing Your Data Using Real-World Business Scenarios,Steve Wexler,448.0,2017-01-01,Wiley,3.0,4.21,4.21,www.goodreads.com/book/show/31396339-the-big-book-of-dashboards
40732498,read,0060929871,Brave New World,Aldous Huxley,288.0,1998-01-01,HarperPerennial / Perennial Classics,3.0,3.99,3.99,www.goodreads.com/book/show/5129.Brave_New_World
40732498,read,1541724100,A Bright Future: How Some Countries Have Solved Climate Change and the Rest Can Follow,Joshua S. Goldstein,288.0,2019-01-01,PublicAffairs,3.0,4.12,4.12,www.goodreads.com/book/show/40223272-a-bright-future
40732498,read,0439227143,The Call of the Wild,Jack London,172.0,2001-01-01,Scholastic,2.0,3.87,3.87,www.goodreads.com/book/show/1852.The_Call_of_the_Wild
40732498,read,0691174652,The Case Against Education: Why the Education System Is a Waste of Time and Money,Bryan Caplan,416.0,2018-01-01,Princeton University Press,5.0,4.01,4.01,www.goodreads.com/book/show/36319077-the-case-against-education
40732498,read,0316769177,The Catcher in the Rye,J.D. Salinger,277.0,2001-01-01,Back Bay Books,2.0,3.81,3.81,www.goodreads.com/book/show/5107.The_Catcher_in_the_Rye
40732498,read,0226526313,The Chicago Guide to Writing about Numbers,Jane E. Miller,312.0,2004-01-01,University Of Chicago Press,2.0,3.78,3.78,www.goodreads.com/book/show/982708.The_Chicago_Guide_to_Writing_about_Numbers
40732498,read,,Children of Dune (Dune Chronicles #3),Frank Herbert,408.0,1987-01-01,Ace Books,2.0,3.94,3.94,www.goodreads.com/book/show/112.Children_of_Dune
40732498,read,8420411485,La civilización del espectáculo,Mario Vargas Llosa,226.0,2012-01-01,Alfaguara,1.0,3.88,3.88,www.goodreads.com/book/show/13604912-la-civilizaci-n-del-espect-culo
40732498,read,0195115422,Classical Rhetoric for the Modern Student,Edward P.J. Corbett,576.0,1998-01-01,"Oxford University Press, USA",3.0,4.16,4.16,www.goodreads.com/book/show/154636.Classical_Rhetoric_for_the_Modern_Student
40732498,read,,Las claves de la argumentación,Anthony Weston,,,,4.0,3.82,3.82,www.goodreads.com/book/show/19518545-las-claves-de-la-argumentaci-n
40732498,read,0691029172,Clear and Simple as the Truth: Writing Classic Prose,Francis-Noel Thomas,240.0,1996-01-01,Princeton University Press,2.0,4.07,4.07,www.goodreads.com/book/show/120549.Clear_and_Simple_as_the_Truth
40732498,read,,Climate Matters: Ethics in a Warming World (Amnesty International Global Ethics Series),John  Broome,210.0,2012-01-01,W. W. Norton & Company Inc.,3.0,3.53,3.53,www.goodreads.com/book/show/15981107-climate-matters
40732498,read,8449318793,Coaching para escribir/ Coaching for Writers: como evaluar tu obra para ser un mejor escritor/How to Evaluate Your Work to Be a Better Writer (Manuales De Escritura),Sergio Bulat,,2006-01-01,,,3.86,3.86,www.goodreads.com/book/show/6720544-coaching-para-escribir-coaching-for-writers
40732498,read,8433913921,La cocina de la escritura,Daniel Cassany,264.0,2004-01-01,Anagrama,4.0,3.71,3.71,www.goodreads.com/book/show/5666499-la-cocina-de-la-escritura
40732498,read,,The Coddling of the American Mind: How Good Intentions and Bad Ideas Are Setting Up a Generation for Failure,Jonathan Haidt,,,,,4.25,4.25,www.goodreads.com/book/show/36556202-the-coddling-of-the-american-mind
40732498,read,0156186004,A Collection of Essays,George Orwell,316.0,1981-01-01,Mariner Books,2.0,4.33,4.33,www.goodreads.com/book/show/9640.A_Collection_of_Essays
40732498,read,9500371944,Confieso que he vivido,Pablo Neruda,464.0,2003-01-01,Losada,3.0,4.2,4.2,www.goodreads.com/book/show/514185.Confieso_que_he_vivido
40732498,read,0316156116,Consider the Lobster and Other Essays,David Foster Wallace,343.0,2005-01-01,"Little, Brown and Company",2.0,4.21,4.21,www.goodreads.com/book/show/6751.Consider_the_Lobster_and_Other_Essays
40732498,read,8420637602,"Cosecha roja (El agente de la Continental, #1)",Dashiell Hammett,256.0,2000-01-01,Alianza Editorial,2.0,3.97,3.97,www.goodreads.com/book/show/4110872-cosecha-roja
40732498,read,0071401946,Crucial Conversations: Tools for Talking When Stakes Are High,Kerry Patterson,240.0,2002-01-01,McGraw-Hill Education,2.0,4.04,4.04,www.goodreads.com/book/show/15014.Crucial_Conversations
40732498,read,,"Crushing It!: How Great Entrepreneurs Build Their Business and Influence—and How You Can, Too",Gary Vaynerchuk,,,,1.0,4.08,4.08,www.goodreads.com/book/show/36045512-crushing-it
40732498,read,,Crónica de una muerte anunciada,Gabriel García Márquez,144.0,2008-01-01,,3.0,3.97,3.97,www.goodreads.com/book/show/31498504-cr-nica-de-una-muerte-anunciada
40732498,read,8445073850,Crónicas marcianas,Ray Bradbury,262.0,2002-01-01,Minotauro,4.0,4.14,4.14,www.goodreads.com/book/show/45956.Cr_nicas_marcianas
40732498,read,8466318488,Los cuadernos de don Rigoberto,Mario Vargas Llosa,336.0,2006-01-01,Punto de Lectura,5.0,3.7,3.7,www.goodreads.com/book/show/6075620-los-cuadernos-de-don-rigoberto
40732498,read,8437609593,Cuentos,Horacio Quiroga,364.0,2000-01-01,Ediciones Catedra S.A.,3.0,4.13,4.13,www.goodreads.com/book/show/501818.Cuentos
40732498,read,0307347990,"Cuentos Chinos: El engaño de Washington, la mentira populista y la esperanza de América Latina",Andrés Oppenheimer,352.0,2005-01-01,Sudamericana,2.0,3.88,3.88,www.goodreads.com/book/show/59306.Cuentos_Chinos
40732498,read,,Los culpables,Juan Villoro,128.0,2007-01-01,Almadía,2.0,3.69,3.69,www.goodreads.com/book/show/1973035.Los_culpables
40732498,read,,Curso de redacción pra escritores y periodistas,Beatriz Escalante,345.0,2013-01-01,Editorial Porrúa,3.0,4.16,4.16,www.goodreads.com/book/show/25544274-curso-de-redacci-n-pra-escritores-y-periodistas
40732498,read,8420672300,"La dama del lago (Philip Marlowe, #4)",Raymond Chandler,,,,3.0,4.07,4.07,www.goodreads.com/book/show/2649627-la-dama-del-lago
40732498,read,0099448769,Dance Dance Dance,Haruki Murakami,393.0,2002-01-01,Vintage,4.0,4.04,4.04,www.goodreads.com/book/show/17800.Dance_Dance_Dance
40732498,read,1455586692,Deep Work: Rules for Focused Success in a Distracted World,Cal Newport,296.0,2016-01-01,Grand Central Publishing,3.0,4.2,4.2,www.goodreads.com/book/show/25744928-deep-work
40732498,read,1933550171,Defending The Undefendable,Walter Block,257.0,2008-01-01,Ludwig von Mises Institute,4.0,3.96,3.96,www.goodreads.com/book/show/4068211-defending-the-undefendable
40732498,read,0446575062,The Defining Decade: Why Your Twenties Matter - And How to Make the Most of Them Now,Meg Jay,241.0,2012-01-01,Twelve,5.0,4.14,4.14,www.goodreads.com/book/show/13523061-the-defining-decade
40732498,read,6074299501,Los demasiados libros,Gabriel Zaid,152.0,2009-01-01,Random House Mondadori,3.0,3.7,3.7,www.goodreads.com/book/show/10856170-los-demasiados-libros
40732498,read,1514720485,Demian,Hermann Hesse,68.0,2015-01-01,Createspace,3.0,4.13,4.13,www.goodreads.com/book/show/27720700-demian
40732498,read,0738213136,The Depression Cure: The 6-Step Program to Beat Depression without Drugs,Stephen S. Ilardi,304.0,2009-01-01,Da Capo Lifelong Books,5.0,4.11,4.11,www.goodreads.com/book/show/6446928-the-depression-cure
40732498,read,132212924X,Descartes,Bernard Williams,329.0,2014-01-01,Taylor and Francis,4.0,3.85,3.85,www.goodreads.com/book/show/23284403-descartes
40732498,read,8433966634,Los detectives salvajes,Roberto Bolaño,624.0,2004-01-01,,5.0,4.13,4.13,www.goodreads.com/book/show/63034.Los_detectives_salvajes
40732498,read,0429634838,Dialogues on Ethical Vegetarianism,Michael Huemer,118.0,2019-01-01,Routledge,5.0,4.3,4.3,www.goodreads.com/book/show/42524339-dialogues-on-ethical-vegetarianism
40732498,read,1592409660,"Doing Good Better: How Effective Altruism Can Help You Help Others, Do Work that Matters, and Make Smarter Choices about Giving Back",William MacAskill,272.0,2016-01-01,Avery,5.0,4.24,4.24,www.goodreads.com/book/show/28110152-doing-good-better
40732498,read,0340839937,"Dune (Dune Chronicles, #1)",Frank Herbert,604.0,2006-01-01,Hodder & Stoughton,5.0,4.23,4.23,www.goodreads.com/book/show/234225.Dune
40732498,read,0441172695,Dune Messiah (Dune #2),Frank Herbert,331.0,1987-01-01,Ace Books,3.0,3.88,3.88,www.goodreads.com/book/show/106.Dune_Messiah
40732498,read,1576754227,Eat That Frog!: 21 Great Ways to Stop Procrastinating and Get More Done in Less Time,Brian Tracy,128.0,2007-01-01,Berrett-Koehler Publishers,3.0,3.88,3.88,www.goodreads.com/book/show/95887.Eat_That_Frog_
40732498,read,0199643261,Education: A Very Short Introduction,Gary Thomas,129.0,2013-01-01,"Oxford University Press, USA",3.0,3.87,3.87,www.goodreads.com/book/show/16685181-education
40732498,read,9706906584,El dia que Nietzsche lloro/ The Day that Nietzsche Cry,Irvin D. Yalom,,,,3.0,4.33,4.33,www.goodreads.com/book/show/40785156-el-dia-que-nietzsche-lloro-the-day-that-nietzsche-cry
40732498,read,9870400906,El pez en el agua,Mario Vargas Llosa,,,,4.0,3.98,3.98,www.goodreads.com/book/show/94349.El_pez_en_el_agua
40732498,read,,The Elephant in the Brain: Hidden Motives in Everyday Life,Kevin Simler,408.0,2017-01-01,Oxford University Press,1.0,4.05,4.05,www.goodreads.com/book/show/28820444-the-elephant-in-the-brain
40732498,read,9504928366,Encuentros,Gabriel Rolón,288.0,2012-01-01,Planeta,1.0,3.96,3.96,www.goodreads.com/book/show/14741456-encuentros
40732498,read,0812550706,"Ender's Game (Ender's Saga, #1)",Orson Scott Card,324.0,2004-01-01,Macmillan Audio,4.0,4.3,4.3,www.goodreads.com/book/show/375802.Ender_s_Game
40732498,read,843396755X,La era del vacío,Gilles Lipovetsky,222.0,,,2.0,3.92,3.92,www.goodreads.com/book/show/75556.La_era_del_vac_o
40732498,read,950030404X,Espantapájaros,Oliverio Girondo,65.0,1997-01-01,,3.0,4.3,4.3,www.goodreads.com/book/show/1468694.Espantap_jaros
40732498,read,,Espejo retrovisor,Juan Villoro,,,,3.0,3.71,3.71,www.goodreads.com/book/show/19368884-espejo-retrovisor
40732498,read,8433966731,Estrella distante,Roberto Bolaño,160.0,2000-01-01,Anagrama,2.0,3.91,3.91,www.goodreads.com/book/show/59232.Estrella_distante
40732498,read,0691172471,Ethics in the Real World: 82 Brief Essays on Things That Matter,Peter Singer,376.0,2016-01-01,Princeton University Press,2.0,3.94,3.94,www.goodreads.com/book/show/29452545-ethics-in-the-real-world
40732498,read,9683905129,El Extranjero,Albert Camus,143.0,1996-01-01,Alianza Emecé,2.0,3.99,3.99,www.goodreads.com/book/show/17904866-el-extranjero
40732498,read,8433920057,Factotum,Charles Bukowski,192.0,2016-01-01,Anagrama,3.0,3.94,3.94,www.goodreads.com/book/show/38495.Factotum
40732498,read,8401440890,Fahrenheit 451,Ray Bradbury,186.0,1977-01-01,Plaza & Janés,2.0,3.99,3.99,www.goodreads.com/book/show/13360194-fahrenheit-451
40732498,read,0190219203,"Famine, Affluence, and Morality",Peter Singer,120.0,2015-01-01,Oxford University Press,5.0,4.18,4.18,www.goodreads.com/book/show/26200871-famine-affluence-and-morality
40732498,read,0767920708,Feeling Good Together: The Secret to Making Troubled Relationships Work,David D. Burns,,,,5.0,4.16,4.16,www.goodreads.com/book/show/5680626-feeling-good-together
40732498,read,,Feeling Good: The New Mood Therapy,David D. Burns,,,,4.0,4.03,4.03,www.goodreads.com/book/show/19986488-feeling-good
40732498,read,,Felsefe Muhabbetleri,David Edmonds,248.0,2016-01-01,Maya Kitap,2.0,3.63,3.63,www.goodreads.com/book/show/29634595-felsefe-muhabbetleri
40732498,read,0813332958,Feminist Thought: A More Comprehensive Introduction,Rosemarie Tong,368.0,1998-01-01,Westview Press,4.0,3.93,3.93,www.goodreads.com/book/show/385205.Feminist_Thought
40732498,read,8466318704,La fiesta del Chivo,Mario Vargas Llosa,526.0,2001-01-01,Punto de Lectura,5.0,4.29,4.29,www.goodreads.com/book/show/962174.La_fiesta_del_Chivo
40732498,read,,"The Fifth Season (The Broken Earth, #1)",N.K. Jemisin,468.0,2015-01-01,Orbit,3.0,4.28,4.28,www.goodreads.com/book/show/19161852-the-fifth-season
40732498,read,9875660434,El fin de la eternidad,Isaac Asimov,,,,4.0,4.24,4.24,www.goodreads.com/book/show/401024.El_fin_de_la_eternidad
40732498,read,076531178X,"The Final Empire (Mistborn, #1)",Brandon Sanderson,544.0,2006-01-01,Tor Books,4.0,4.44,4.44,www.goodreads.com/book/show/68428.The_Final_Empire
40732498,read,,Florencia y Bagdad,Hans Belting,,,,2.0,3.94,3.94,www.goodreads.com/book/show/26763721-florencia-y-bagdad
40732498,read,1439190755,Flourish: A Visionary New Understanding of Happiness and Well-Being,Martin E.P. Seligman,349.0,2011-01-01,Free Press,2.0,3.85,3.85,www.goodreads.com/book/show/9744812-flourish
40732498,read,0060510862,"The Forever War (The Forever War, #1)",Joe Haldeman,278.0,2003-01-01,Voyager,3.0,4.14,4.14,www.goodreads.com/book/show/21611.The_Forever_War
40732498,read,0192805576,Foucault: A Very Short Introduction,Gary Gutting,135.0,2005-01-01,Oxford University Press,3.0,3.74,3.74,www.goodreads.com/book/show/74640.Foucault
40732498,read,0553803719,"Foundation (Foundation, #1)",Isaac Asimov,244.0,2004-01-01,Bantam,3.0,4.17,4.17,www.goodreads.com/book/show/29579.Foundation
40732498,read,0553803727,Foundation and Empire (Foundation #2),Isaac Asimov,256.0,2004-01-01,Spectra Books,2.0,4.22,4.22,www.goodreads.com/book/show/29581.Foundation_and_Empire
40732498,read,0061234001,Freakonomics: A Rogue Economist Explores the Hidden Side of Everything,Steven D. Levitt,320.0,2006-01-01,William Morrow,2.0,3.98,3.98,www.goodreads.com/book/show/1202.Freakonomics
40732498,read,8420672955,Fundamentación para una metafísica de las costumbres,Immanuel Kant,222.0,2009-01-01,Alianza Editorial,2.0,3.83,3.83,www.goodreads.com/book/show/1196716.Fundamentaci_n_para_una_metaf_sica_de_las_costumbres
40732498,read,0553588486,"A Game of Thrones (A Song of Ice and Fire, #1)",George R.R. Martin,835.0,2005-01-01,Bantam,2.0,4.45,4.45,www.goodreads.com/book/show/13496.A_Game_of_Thrones
40732498,read,0345475836,"Gateway (Heechee Saga, #1)",Frederik Pohl,278.0,2004-01-01,Del Rey,3.0,4.07,4.07,www.goodreads.com/book/show/218427.Gateway
40732498,read,0307269981,"The Girl Who Played with Fire (Millennium, #2)",Stieg Larsson,503.0,2009-01-01,Alfred A. Knopf,4.0,4.24,4.24,www.goodreads.com/book/show/5060378-the-girl-who-played-with-fire
40732498,read,,"The Girl with the Dragon Tattoo (Millennium, #1)",Stieg Larsson,465.0,2008-01-01,Knopf,4.0,4.14,4.14,www.goodreads.com/book/show/2429135.The_Girl_with_the_Dragon_Tattoo
40732498,read,,Gog,Giovanni Papini,386.0,1958-01-01,İş Bankası Kültür Yayınları,3.0,4.19,4.19,www.goodreads.com/book/show/10116463-gog
40732498,read,1633690709,"Good Charts: The HBR Guide to Making Smarter, More Persuasive Data Visualizations",Scott Berinato,264.0,2016-01-01,Harvard Business Review Press,1.0,4.2,4.2,www.goodreads.com/book/show/27038049-good-charts
40732498,read,1607743213,Graduate Admissions Essays: Write Your Way into the Graduate School of Your Choice,Donald Asher,256.0,2012-01-01,Ten Speed Press,3.0,4.03,4.03,www.goodreads.com/book/show/13153703-graduate-admissions-essays
40732498,read,1618213938,Grad’s Guide to Graduate Admissions Essays: Examples from Real Students Who Got into Top Schools,Colleen Reding,225.0,2015-01-01,Prufrock Press,2.0,3.95,3.95,www.goodreads.com/book/show/25170408-grad-s-guide-to-graduate-admissions-essays
40732498,read,,The Great Silence,Ted Chiang,,,,3.0,4.13,4.13,www.goodreads.com/book/show/32605418-the-great-silence
40732498,read,,Grit: The Power of Passion and Perseverance,Angela Duckworth,,,,2.0,4.09,4.09,www.goodreads.com/book/show/26720236-grit
40732498,read,1857446496,A Guide to Chess Improvement: The Best of Novice Nook,Dan Heisman,384.0,2010-01-01,Everyman Chess,4.0,4.45,4.45,www.goodreads.com/book/show/10082852-a-guide-to-chess-improvement
40732498,read,,Guía esencial para aprender a redactar,Sandro Cohen,,,,3.0,4.29,4.29,www.goodreads.com/book/show/25156678-gu-a-esencial-para-aprender-a-redactar
40732498,read,,The Happiness Hypothesis: Putting Ancient Wisdom to the Test of Modern Science,Jonathan Haidt,,,,3.0,4.12,4.12,www.goodreads.com/book/show/25752455-the-happiness-hypothesis
40732498,read,,Happiness: A Philosopher's Guide,Frédéric Lenoir,,,,3.0,3.94,3.94,www.goodreads.com/book/show/25144131-happiness
40732498,read,0765316897,"The Hero of Ages (Mistborn, #3)",Brandon Sanderson,572.0,2008-01-01,Tor Books,4.0,4.48,4.48,www.goodreads.com/book/show/2767793-the-hero-of-ages
40732498,read,1622631196,El héroe discreto,Mario Vargas Llosa,383.0,2013-01-01,Alfaguara,3.0,3.75,3.75,www.goodreads.com/book/show/18230037-el-h-roe-discreto
40732498,read,8433968858,Hipotermia,Álvaro Enrigue,187.0,2005-01-01,Anagrama,3.0,3.82,3.82,www.goodreads.com/book/show/1813695.Hipotermia
40732498,read,0330508539,"The Hitchhiker's Guide to the Galaxy (Hitchhiker's Guide to the Galaxy, #1)",Douglas Adams,180.0,2009-01-01,Pan Books,2.0,4.22,4.22,www.goodreads.com/book/show/22675091-the-hitchhiker-s-guide-to-the-galaxy
40732498,read,,Hollywood,Charles Bukowski,320.0,1990-01-01,Anagrama,2.0,3.78,3.78,www.goodreads.com/book/show/901278.Hollywood
40732498,read,1324001569,How Charts Lie: Getting Smarter about Visual Information,Alberto Cairo,256.0,2019-01-01,W. W. Norton  Company,2.0,4.07,4.07,www.goodreads.com/book/show/43726576-how-charts-lie
40732498,read,1250066115,How Not to Die: Discover the Foods Scientifically Proven to Prevent and Reverse Disease,Michael  Greger,576.0,2015-01-01,Flatiron Books,3.0,4.5,4.5,www.goodreads.com/book/show/25663961-how-not-to-die
40732498,read,,How Pleasure Works: The New Science of Why We Like What We Like,Paul Bloom,,,,3.0,3.73,3.73,www.goodreads.com/book/show/8184696-how-pleasure-works
40732498,read,0393310728,How to Lie with Statistics,Darrell Huff,142.0,1982-01-01,W. W. Norton & Company,3.0,3.87,3.87,www.goodreads.com/book/show/51291.How_to_Lie_with_Statistics
40732498,read,0762462019,How to Win Friends & Influence People,Dale Carnegie,136.0,2017-01-01,RP Minis,3.0,4.2,4.2,www.goodreads.com/book/show/31423310-how-to-win-friends-influence-people
40732498,read,1591477433,How to Write a Lot: A Practical Guide to Productive Academic Writing,Paul J. Silvia,149.0,2007-01-01,American Psychological Association (APA),3.0,4.04,4.04,www.goodreads.com/book/show/649144.How_to_Write_a_Lot
40732498,read,0439023483,"The Hunger Games (The Hunger Games, #1)",Suzanne Collins,374.0,2008-01-01,Scholastic Press,2.0,4.33,4.33,www.goodreads.com/book/show/2767052-the-hunger-games
40732498,read,0761147489,I Will Teach You to Be Rich,Ramit Sethi,266.0,2009-01-01,Workman Publishing Company,4.0,4.12,4.12,www.goodreads.com/book/show/4924862-i-will-teach-you-to-be-rich
40732498,read,1523505745,I Will Teach You to Be Rich: No Guilt. No Excuses. No BS. Just a 6-Week Program That Works,Ramit Sethi,352.0,2019-01-01,Workman Publishing Company,5.0,4.12,4.12,www.goodreads.com/book/show/40591670-i-will-teach-you-to-be-rich
40732498,read,0691139814,The Imperative of Integration,Elizabeth S.  Anderson,246.0,2010-01-01,Princeton University Press,4.0,4.15,4.15,www.goodreads.com/book/show/9521707-the-imperative-of-integration
40732498,read,,The Improving Chess Thinker: Revised and Expanded,Dan Heisman,,,,2.0,4.02,4.02,www.goodreads.com/book/show/23208154-the-improving-chess-thinker
40732498,read,0571141358,In Praise of the Stepmother,Mario Vargas Llosa,160.0,2004-01-01,Faber  Faber,2.0,3.43,3.43,www.goodreads.com/book/show/69864.In_Praise_of_the_Stepmother
40732498,read,087584863X,Information Rules: A Strategic Guide to the Network Economy,Carl Shapiro,368.0,1998-01-01,Harvard Business Review Press,3.0,4.07,4.07,www.goodreads.com/book/show/323068.Information_Rules
40732498,read,0192893211,Intelligence: A Very Short Introduction,Ian J. Deary,132.0,2001-01-01,"Oxford University Press, USA",3.0,3.77,3.77,www.goodreads.com/book/show/74656.Intelligence
40732498,read,0451148452,Intimate Connections,David D. Burns,348.0,1985-01-01,"The New American Library, Inc.",5.0,4.0,4.0,www.goodreads.com/book/show/194358.Intimate_Connections
40732498,read,9681679067,Introducción a la Filosofía Moral,James Rachels,,2006-01-01,Fondo de Cultura Económica USA,3.0,3.71,3.71,www.goodreads.com/book/show/4168044-introducci-n-a-la-filosof-a-moral
40732498,read,0521888379,An Introduction to Decision Theory,Martin Peterson,617.0,2009-01-01,Cambridge University Press,3.0,3.75,3.75,www.goodreads.com/book/show/11729796-an-introduction-to-decision-theory
40732498,read,1848728824,Introduction to Political Psychology,Martha Cottam,404.0,2009-01-01,Psychology Press,1.0,4.05,4.05,www.goodreads.com/book/show/7790391-introduction-to-political-psychology
40732498,read,1554812445,Is That a Fact? - Second Edition: A Field Guide to Statistical and Scientific Information,Mark Battersby,304.0,2016-01-01,Broadview Press Inc,4.0,4.0,4.0,www.goodreads.com/book/show/26630063-is-that-a-fact---second-edition
40732498,read,0451528956,The Strange Case of Dr. Jekyll and Mr. Hyde,Robert Louis Stevenson,144.0,2003-01-01,Signet Classics,3.0,3.82,3.82,www.goodreads.com/book/show/51496.The_Strange_Case_of_Dr_Jekyll_and_Mr_Hyde
40732498,read,1517415497,Juliette,Marquis de Sade,318.0,2015-01-01,Createspace,2.0,3.67,3.67,www.goodreads.com/book/show/27033494-juliette
40732498,read,0307886840,Just Babies: The Origins of Good and Evil,Paul Bloom,273.0,2013-01-01,Crown,3.0,3.7,3.7,www.goodreads.com/book/show/17380034-just-babies
40732498,read,1517414873,Las 120 Jornadas de Sodoma,Marquis de Sade,516.0,2015-01-01,Createspace,2.0,3.11,3.11,www.goodreads.com/book/show/27033468-las-120-jornadas-de-sodoma
40732498,read,0132540657,Law & Economics,Robert Cooter,576.0,2011-01-01,Pearson,5.0,3.91,3.91,www.goodreads.com/book/show/13660788-law-economics
40732498,read,019993391X,Libertarianism: What Everyone Needs to Know,Jason Brennan,213.0,2012-01-01,"Oxford University Press, USA",5.0,3.84,3.84,www.goodreads.com/book/show/13690505-libertarianism
40732498,read,,Libro de estilo de la lengua española según la norma panhispánica,Real Academia Española,498.0,,,2.0,4.73,4.73,www.goodreads.com/book/show/42963713-libro-de-estilo-de-la-lengua-espa-ola-seg-n-la-norma-panhisp-nica
40732498,read,,El libro de las investigaciones medianamente serias,Alejandra Ortiz Medrano,,,,3.0,3.91,3.91,www.goodreads.com/book/show/53002997-el-libro-de-las-investigaciones-medianamente-serias
40732498,read,9686769072,El libro negro,Giovanni Papini,511.0,,,3.0,4.29,4.29,www.goodreads.com/book/show/1010496.El_libro_negro
40732498,read,6071610168,"El libro y sus orillas: tipografía, originales, redacción, corrección de estilo y de pruebas",Roberto Zavala Ruiz,431.0,2012-01-01,Fondo de Cultura Económica,1.0,4.26,4.26,www.goodreads.com/book/show/16279675-el-libro-y-sus-orillas
40732498,read,1416985123,Linus the Vegetarian T. rex,Robert Neubecker,40.0,2013-01-01,Beach Lane Books,4.0,3.73,3.73,www.goodreads.com/book/show/15944409-linus-the-vegetarian-t-rex
40732498,read,1119404509,The Little Book of Common Sense Investing: The Only Way to Guarantee Your Fair Share of Stock Market Returns,John C Bogle,270.0,2017-01-01,Wiley,3.0,4.19,4.19,www.goodreads.com/book/show/34003072-the-little-book-of-common-sense-investing
40732498,read,9871180403,Llamadas de Ámsterdam,Juan Villoro,80.0,2009-01-01,Almadía,3.0,3.68,3.68,www.goodreads.com/book/show/6383473-llamadas-de-msterdam
40732498,read,6070707168,Los suspirantes 2012: Los precandidatos de carne y hueso,Jorge Zepeda Patterson,326.0,2011-01-01,Editorial Planeta Mexicana,3.0,3.45,3.45,www.goodreads.com/book/show/12640985-los-suspirantes-2012
40732498,read,080701429X,Man's Search for Meaning,Viktor E. Frankl,165.0,2006-01-01,Beacon Press,2.0,4.36,4.36,www.goodreads.com/book/show/4069.Man_s_Search_for_Meaning
40732498,read,,Marx: A Very Short Introduction,Peter Singer,,,,3.0,3.72,3.72,www.goodreads.com/book/show/8710991-marx
40732498,read,1596061006,The Merchant and the Alchemist's Gate,Ted Chiang,60.0,2007-01-01,Subterranean Press,5.0,4.33,4.33,www.goodreads.com/book/show/223379.The_Merchant_and_the_Alchemist_s_Gate
40732498,read,0671015206,The Millionaire Next Door: The Surprising Secrets of America's Wealthy,Thomas J. Stanley,258.0,1998-01-01,Gallery Books,3.0,4.04,4.04,www.goodreads.com/book/show/998.The_Millionaire_Next_Door
40732498,read,6070724852,Mirreynato. La otra desigualdad,Ricardo Raphael,247.0,2014-01-01,"Plante, Temas de hoy",4.0,3.95,3.95,www.goodreads.com/book/show/23959097-mirreynato-la-otra-desigualdad
40732498,read,8420617997,Momentos estelares de la Ciencia,Isaac Asimov,148.0,1983-01-01,Alianza Editorial,2.0,4.07,4.07,www.goodreads.com/book/show/16154373-momentos-estelares-de-la-ciencia
40732498,read,0340837942,The Moon Is a Harsh Mistress,Robert A. Heinlein,288.0,2005-01-01,Hodder & Stoughton,2.0,4.15,4.15,www.goodreads.com/book/show/16690.The_Moon_Is_a_Harsh_Mistress
40732498,read,1594202605,"Moral Tribes: Emotion, Reason, and the Gap Between Us and Them",Joshua D. Greene,432.0,2013-01-01,Penguin Press,3.0,4.03,4.03,www.goodreads.com/book/show/17707599-moral-tribes
40732498,read,0300180276,The Most Good You Can Do: How Effective Altruism Is Changing Ideas About Living Ethically,Peter Singer,232.0,2015-01-01,Yale University Press,3.0,3.85,3.85,www.goodreads.com/book/show/23168483-the-most-good-you-can-do
40732498,read,6071128412,Move up,Clotaire Rapaille,330.0,2013-01-01,taurus,1.0,3.63,3.63,www.goodreads.com/book/show/19520873-move-up
40732498,read,1635573327,The Moves That Matter: A Chess Grandmaster on the Game of Life,Jonathan Rowson,352.0,2019-01-01,Bloomsbury Publishing,3.0,4.11,4.11,www.goodreads.com/book/show/40653130-the-moves-that-matter
40732498,read,,Muerte en el Nilo,Agatha Christie,230.0,2008-01-01,Planeta DeAgostini,3.0,4.1,4.1,www.goodreads.com/book/show/18079369-muerte-en-el-nilo
40732498,read,,Muerte súbita,Álvaro Enrigue,264.0,2013-01-01,Anagrama,2.0,3.73,3.73,www.goodreads.com/book/show/19298985-muerte-s-bita
40732498,read,8433920995,Mujeres,Charles Bukowski,344.0,2007-01-01,Anagrama,2.0,3.85,3.85,www.goodreads.com/book/show/70910.Mujeres
40732498,read,8478443223,El mundo de Sofía,Jostein Gaarder,638.0,1998-01-01,"Ediciones Siruela, S.A.",4.0,3.93,3.93,www.goodreads.com/book/show/1212515.El_mundo_de_Sof_a
40732498,read,0425200450,"Murder on the Orient Express (Hercule Poirot, #10)",Agatha Christie,322.0,2004-01-01,Berkley,3.0,4.17,4.17,www.goodreads.com/book/show/16304.Murder_on_the_Orient_Express
40732498,read,0691129428,The Myth of the Rational Voter: Why Democracies Choose Bad Policies,Bryan Caplan,276.0,2007-01-01,Princeton University Press,3.0,3.93,3.93,www.goodreads.com/book/show/698866.The_Myth_of_the_Rational_Voter
40732498,read,8433920448,La máquina de follar,Charles Bukowski,192.0,1995-01-01,Anagrama,2.0,3.91,3.91,www.goodreads.com/book/show/39191.La_m_quina_de_follar
40732498,read,075640407X,"The Name of the Wind (The Kingkiller Chronicle, #1)",Patrick Rothfuss,662.0,2007-01-01,Penguin Group DAW,5.0,4.52,4.52,www.goodreads.com/book/show/186074.The_Name_of_the_Wind
40732498,read,0374506841,Narcissus and Goldmund,Hermann Hesse,320.0,1997-01-01,"The Noonday Press / Farrar, Straus Giroux",3.0,4.21,4.21,www.goodreads.com/book/show/5954.Narcissus_and_Goldmund
40732498,read,8433924648,Nocturno de Chile,Roberto Bolaño,152.0,2013-01-01,Anagrama,3.0,3.87,3.87,www.goodreads.com/book/show/212412.Nocturno_de_Chile
40732498,read,0813308461,Normative Ethics,Shelly Kagan,352.0,1997-01-01,Westview Press,3.0,3.75,3.75,www.goodreads.com/book/show/1420430.Normative_Ethics
40732498,read,0393927121,The Norton Psychology Reader,Gary F. Marcus,390.0,2005-01-01,W. W. Norton & Company,4.0,4.05,4.05,www.goodreads.com/book/show/256853.The_Norton_Psychology_Reader
40732498,read,0375704027,Norwegian Wood,Haruki Murakami,296.0,2000-01-01,Vintage Books,4.0,4.03,4.03,www.goodreads.com/book/show/11297.Norwegian_Wood
40732498,read,014311526X,"Nudge: Improving Decisions About Health, Wealth, and Happiness",Richard H. Thaler,314.0,2009-01-01,Penguin Books,,3.84,3.84,www.goodreads.com/book/show/3450744-nudge
40732498,read,0684857073,The Nurture Assumption: Why Children Turn Out the Way They Do,Judith Rich Harris,462.0,,,3.0,4.11,4.11,www.goodreads.com/book/show/633128.The_Nurture_Assumption
40732498,read,,"The Obelisk Gate (The Broken Earth, #2)",N.K. Jemisin,410.0,2016-01-01,Orbit,3.0,4.29,4.29,www.goodreads.com/book/show/26228034-the-obelisk-gate
40732498,read,0224081187,On Chesil Beach,Ian McEwan,166.0,2007-01-01,Jonathan Cape,2.0,3.59,3.59,www.goodreads.com/book/show/815309.On_Chesil_Beach
40732498,read,0140042598,On the Road,Jack Kerouac,307.0,1976-01-01,Penguin Books,1.0,3.62,3.62,www.goodreads.com/book/show/70401.On_the_Road
40732498,read,0060891548,On Writing Well: The Classic Guide to Writing Nonfiction,William Zinsser,336.0,2016-01-01,Harper Perennial,3.0,4.26,4.26,www.goodreads.com/book/show/53343.On_Writing_Well
40732498,read,0743455967,On Writing: A Memoir of the Craft,Stephen King,320.0,2002-01-01,Pocket Books,2.0,4.33,4.33,www.goodreads.com/book/show/10569.On_Writing
40732498,read,,One Hundred Years of Solitude,Gabriel García Márquez,417.0,2003-01-01,Harper,2.0,4.08,4.08,www.goodreads.com/book/show/320.One_Hundred_Years_of_Solitude
40732498,read,1250316960,Open Borders: The Science and Ethics of Immigration,Bryan Caplan,256.0,2019-01-01,First Second,4.0,4.17,4.17,www.goodreads.com/book/show/42867903-open-borders
40732498,read,0316017922,Outliers: The Story of Success,Malcolm Gladwell,309.0,2008-01-01,"Little, Brown and Company",2.0,4.16,4.16,www.goodreads.com/book/show/3228917-outliers
40732498,read,8466313230,El Paraíso en la otra esquina,Mario Vargas Llosa,592.0,2004-01-01,Punto de Lectura,2.0,3.82,3.82,www.goodreads.com/book/show/53927.El_Para_so_en_la_otra_esquina
40732498,read,9682702542,Los pasos de López,Jorge Ibargüengoitia,172.0,1987-01-01,Joaquín Mortiz,3.0,4.01,4.01,www.goodreads.com/book/show/86198.Los_pasos_de_L_pez
40732498,read,6071106281,El país de uno,Denise Dresser,343.0,2011-01-01,Santillana Ediciones Generales,3.0,3.77,3.77,www.goodreads.com/book/show/12706603-el-pa-s-de-uno
40732498,read,0544456254,Peak: Secrets from the New Science of Expertise,K. Anders Ericsson,336.0,2016-01-01,Eamon Dolan/Houghton Mifflin Harcourt,5.0,4.27,4.27,www.goodreads.com/book/show/26312997-peak
40732498,read,0802133908,Pedro Páramo,Juan Rulfo,128.0,1994-01-01,Grove Press,2.0,4.06,4.06,www.goodreads.com/book/show/38787.Pedro_P_ramo
40732498,read,9707311320,Pedro y el Capitán,Mario Benedetti,86.0,2006-01-01,Punto de Lectura,3.0,4.13,4.13,www.goodreads.com/book/show/261879.Pedro_y_el_Capit_n
40732498,read,6071107849,Pequeño cerdo capitalista,Sofía Macías,288.0,2011-01-01,Aguilar,2.0,3.86,3.86,www.goodreads.com/book/show/11255466-peque-o-cerdo-capitalista
40732498,read,9786071127,Pequeño cerdo capitalista: inversiones.,Sofía Macías,447.0,2013-01-01,Aguilar,1.0,4.1,4.1,www.goodreads.com/book/show/18692374-peque-o-cerdo-capitalista
40732498,read,8478717730,"Perdón, imposible",José Antonio Millán,,1999-01-01,RBA,3.0,3.83,3.83,www.goodreads.com/book/show/11503057-perd-n-imposible
40732498,read,1624667449,Philosophers in the Classroom: Essays on Teaching,Steven M. Cahn,280.0,2018-01-01,"Hackett Publishing Company, Inc.",3.0,3.0,3.0,www.goodreads.com/book/show/40144821-philosophers-in-the-classroom
40732498,read,,Philosophy: The Classics,Nigel Warburton,,,,2.0,3.9,3.9,www.goodreads.com/book/show/22730653-philosophy
40732498,read,0199603693,The Point of View of the Universe: Sidgwick and Contemporary Ethics,Katarzyna De Lazari-Radek,432.0,2014-01-01,"Oxford University Press, USA",5.0,4.35,4.35,www.goodreads.com/book/show/22329153-the-point-of-view-of-the-universe
40732498,read,0745635326,Political Philosophy: A Beginners' Guide for Students and Politicians,Adam Swift,240.0,2006-01-01,Polity Press,3.0,3.95,3.95,www.goodreads.com/book/show/34155.Political_Philosophy
40732498,read,,Political Philosophy: An Introduction,Jason Brennan,,,,3.0,3.89,3.89,www.goodreads.com/book/show/29151823-political-philosophy
40732498,read,1604265493,The Political Speechwriters Companion: A Guide for Speakers and Writers,Robert Lehrman,362.0,2009-01-01,CQ Press,3.0,4.38,4.38,www.goodreads.com/book/show/7158243-the-political-speechwriters-companion
40732498,read,052143971X,Practical Ethics,Peter Singer,411.0,1993-01-01,Cambridge University Press,4.0,4.06,4.06,www.goodreads.com/book/show/29378.Practical_Ethics
40732498,read,0321525655,Presentation Zen: Simple Ideas on Presentation Design and Delivery,Garr Reynolds,229.0,2008-01-01,New Riders,3.0,4.07,4.07,www.goodreads.com/book/show/1908456.Presentation_Zen
40732498,read,0691176515,Private Government: How Employers Rule Our Lives,Elizabeth S.  Anderson,196.0,2017-01-01,Princeton University Press,2.0,4.06,4.06,www.goodreads.com/book/show/32889465-private-government
40732498,read,9681902068,El profesor Zíper y la fabulosa guitarra eléctrica,Juan Villoro,96.0,2005-01-01,Santillana USA,5.0,3.96,3.96,www.goodreads.com/book/show/1972873.El_profesor_Z_per_y_la_fabulosa_guitarra_el_ctrica
40732498,read,,Los propios dioses,Isaac Asimov,332.0,,,4.0,4.09,4.09,www.goodreads.com/book/show/24396522-los-propios-dioses
40732498,read,8420543322,Psicologia Social,Robert A. Baron,608.0,2005-01-01,Pearson Educación,4.0,3.76,3.76,www.goodreads.com/book/show/2867999-psicologia-social
40732498,read,8433914871,Pulp,Charles Bukowski,200.0,,,3.0,3.68,3.68,www.goodreads.com/book/show/50454.Pulp
40732498,read,8433968084,Putas asesinas,Roberto Bolaño,232.0,2005-01-01,Anagrama,2.0,3.86,3.86,www.goodreads.com/book/show/63036.Putas_asesinas
40732498,read,1593279280,"Python Crash Course: A Hands-On, Project-Based Introduction to Programming",Eric Matthes,544.0,2019-01-01,No Starch Press,4.0,4.35,4.35,www.goodreads.com/book/show/42353996-python-crash-course
40732498,read,6070703944,Redacción sin dolor,Sandro Cohen,,,,3.0,4.21,4.21,www.goodreads.com/book/show/12101309-redacci-n-sin-dolor
40732498,read,0241144779,Religion for Atheists: A Non-Believer's Guide to the Uses of Religion,Alain de Botton,320.0,2012-01-01,Hamish Hamilton,2.0,3.62,3.62,www.goodreads.com/book/show/12576334-religion-for-atheists
40732498,read,0553287893,"Rendezvous with Rama (Rama, #1)",Arthur C. Clarke,245.0,1990-01-01,Spectra,3.0,4.1,4.1,www.goodreads.com/book/show/774928.Rendezvous_with_Rama
40732498,read,0199651361,Rhetoric: A Very Short Introduction,Richard Toye,122.0,2013-01-01,"Oxford University Press, USA",3.0,3.5,3.5,www.goodreads.com/book/show/16700079-rhetoric
40732498,read,0321397231,"Rhetorical Grammar: Grammatical Choices, Rhetorical Effects",Martha J. Kolln,,,Longman,4.0,3.82,3.82,www.goodreads.com/book/show/823103.Rhetorical_Grammar
40732498,read,1612680194,Rich Dad Poor Dad: What the Rich Teach Their Kids About Money That the Poor and Middle Class Do Not!,Robert T. Kiyosaki,354.0,2017-01-01,Plata Publishing,2.0,4.08,4.08,www.goodreads.com/book/show/32926179-rich-dad-poor-dad
40732498,read,,The Righteous Mind: Why Good People Are Divided by Politics and Religion,Jonathan Haidt,419.0,2012-01-01,Pantheon,5.0,4.21,4.21,www.goodreads.com/book/show/11324722-the-righteous-mind
40732498,read,,The Science of Success: What Researchers Know that You Should Know,Paula J. Caproni,,,,3.0,4.35,4.35,www.goodreads.com/book/show/33308548-the-science-of-success
40732498,read,0553803735,Second Foundation (Foundation #3),Isaac Asimov,256.0,2004-01-01,Bantam Spectra,4.0,4.25,4.25,www.goodreads.com/book/show/29580.Second_Foundation
40732498,read,6074291519,El secreto de la fama,Gabriel Zaid,168.0,2009-01-01,Lumen Press,3.0,3.69,3.69,www.goodreads.com/book/show/8494970-el-secreto-de-la-fama
40732498,read,046501867X,Selfish Reasons to Have More Kids: Why Being a Great Parent is Less Work and More Fun Than You Think,Bryan Caplan,240.0,2011-01-01,Basic Books,4.0,3.51,3.51,www.goodreads.com/book/show/10266902-selfish-reasons-to-have-more-kids
40732498,read,0670025852,The Sense of Style: The Thinking Person's Guide to Writing in the 21st Century,Steven Pinker,368.0,2014-01-01,Viking,4.0,4.06,4.06,www.goodreads.com/book/show/20821371-the-sense-of-style
40732498,read,,Siddhartha,Hermann Hesse,152.0,1981-01-01,Bantam Books,5.0,4.03,4.03,www.goodreads.com/book/show/52036.Siddhartha
40732498,read,0486424200,Simple Chess: New Algebraic Edition,Michael Stean,160.0,2003-01-01,Dover Publications,3.0,4.37,4.37,www.goodreads.com/book/show/85113.Simple_Chess
40732498,read,0742512533,Skepticism and the Veil of Perception,Michael Huemer,209.0,2001-01-01,Rowman & Littlefield Publishers,,3.92,3.92,www.goodreads.com/book/show/296093.Skepticism_and_the_Veil_of_Perception
40732498,read,0596522347,slide:ology: The Art and Science of Creating Great Presentations,Nancy Duarte,274.0,2008-01-01,O'Reilly Media,2.0,4.08,4.08,www.goodreads.com/book/show/3427627-slide
40732498,read,1455509108,So Good They Can't Ignore You: Why Skills Trump Passion in the Quest for Work You Love,Cal Newport,288.0,2012-01-01,Business Plus,3.0,4.11,4.11,www.goodreads.com/book/show/13525945-so-good-they-can-t-ignore-you
40732498,read,0226038823,"""So What Are You Going to Do with That?"": Finding Careers Outside Academia",Susan Basalla,160.0,2007-01-01,University Of Chicago Press,2.0,3.81,3.81,www.goodreads.com/book/show/580413._So_What_Are_You_Going_to_Do_with_That_
40732498,read,162157945X,Socialism Sucks: Two Economists Drink Their Way Through the Unfree World,Robert A. Lawson,224.0,2019-01-01,Regnery Publishing,4.0,4.05,4.05,www.goodreads.com/book/show/42101694-socialism-sucks
40732498,read,0195074424,Sociological Insight: An Introduction to Non-Obvious Sociology,Randall Collins,224.0,1992-01-01,"Oxford University Press, USA",3.0,3.96,3.96,www.goodreads.com/book/show/670117.Sociological_Insight
40732498,read,0812550757,"Speaker for the Dead (Ender's Saga, #2)",Orson Scott Card,382.0,1994-01-01,Tor Books,4.0,4.07,4.07,www.goodreads.com/book/show/7967.Speaker_for_the_Dead
40732498,read,0099448475,Sputnik Sweetheart,Haruki Murakami,229.0,2002-01-01,Vintage,4.0,3.82,3.82,www.goodreads.com/book/show/9557.Sputnik_Sweetheart
40732498,read,0375725350,Status Anxiety,Alain de Botton,306.0,2005-01-01,Vintage,3.0,3.91,3.91,www.goodreads.com/book/show/23425.Status_Anxiety
40732498,read,0761169253,Steal Like an Artist: 10 Things Nobody Told You About Being Creative,Austin Kleon,160.0,2012-01-01,Workman Publishing Company,4.0,3.92,3.92,www.goodreads.com/book/show/13099738-steal-like-an-artist
40732498,read,0140282580,Steppenwolf,Hermann Hesse,256.0,1999-01-01,Penguin,3.0,4.13,4.13,www.goodreads.com/book/show/16631.Steppenwolf
40732498,read,0330426648,Stories of Your Life and Others,Ted Chiang,281.0,2010-01-01,Small Beer Press,4.0,4.23,4.23,www.goodreads.com/book/show/223380.Stories_of_Your_Life_and_Others
40732498,read,0226318141,Storycraft: The Complete Guide to Writing Narrative Nonfiction,Jack R. Hart,266.0,2011-01-01,University of Chicago Press,1.0,4.25,4.25,www.goodreads.com/book/show/10140746-storycraft
40732498,read,1119002257,Storytelling with Data: A Data Visualization Guide for Business Professionals,Cole Nussbaumer Knaflic,288.0,2015-01-01,Wiley,4.0,4.38,4.38,www.goodreads.com/book/show/26535513-storytelling-with-data
40732498,read,0441788386,Stranger in a Strange Land,Robert A. Heinlein,525.0,1991-01-01,Ace,1.0,3.92,3.92,www.goodreads.com/book/show/350.Stranger_in_a_Strange_Land
40732498,read,,"Stubborn Attachments: A Vision for a Society of Free, Prosperous, and Responsible Individuals",Tyler Cowen,127.0,2018-01-01,Stripe Press,,3.8,3.8,www.goodreads.com/book/show/31283667-stubborn-attachments
40732498,read,8420672319,"El sueño eterno (Philip Marlowe, #1)",Raymond Chandler,,2009-01-01,Alianza Editorial,2.0,3.99,3.99,www.goodreads.com/book/show/247042.El_sue_o_eterno
40732498,read,0195154959,Suffering and Moral Responsibility,Jamie Mayerfeld,256.0,2002-01-01,"Oxford University Press, USA",2.0,3.67,3.67,www.goodreads.com/book/show/2438988.Suffering_and_Moral_Responsibility
40732498,read,0140449272,The Symposium,Plato,131.0,2003-01-01,Penguin Books,3.0,4.05,4.05,www.goodreads.com/book/show/81779.The_Symposium
40732498,read,0060957905,Tales of H.P. Lovecraft,H.P. Lovecraft,352.0,2000-01-01,Ecco,3.0,4.24,4.24,www.goodreads.com/book/show/36314.Tales_of_H_P_Lovecraft
40732498,read,6071717167,"Taller de redacción literaria / Creative Writing Workshop: Cómo Redactar Novels, Poesía, Teatro Y Ensayo / How to Write Novels, Poetry, Plays and Essays",Rafael Manuel Tovar González,,,,,0.0,0.0,www.goodreads.com/book/show/52783596-taller-de-redacci-n-literaria-creative-writing-workshop
40732498,read,8449319358,"Taller de textos: Leer, Escribir y Comentar en El Aula",Daniel Cassany,,,,1.0,3.5,3.5,www.goodreads.com/book/show/5666565-taller-de-textos
40732498,read,0134118499,Technical Communication,John M. Lannon,736.0,2016-01-01,Pearson,4.0,3.41,3.41,www.goodreads.com/book/show/27781294-technical-communication
40732498,read,0688094554,Ten Days to Self-Esteem,David D. Burns,336.0,1999-01-01,William Morrow Paperbacks,3.0,3.95,3.95,www.goodreads.com/book/show/19295.Ten_Days_to_Self_Esteem
40732498,read,8437601029,La teoría del conocimiento de Kant,Justus Hartnack,163.0,,Ediciones Cátedra,2.0,4.15,4.15,www.goodreads.com/book/show/10903144-la-teor-a-del-conocimiento-de-kant
40732498,read,9681670841,La traicion de la libertad. Seis enemigos de la libertad humana,Isaiah Berlin,,,,4.0,4.24,4.24,www.goodreads.com/book/show/10374461-la-traicion-de-la-libertad-seis-enemigos-de-la-libertad-humana
40732498,read,9707704667,Travesuras de la niña mala,Mario Vargas Llosa,384.0,2006-01-01,Alfaguara,4.0,4.09,4.09,www.goodreads.com/book/show/53926.Travesuras_de_la_ni_a_mala
40732498,read,,Treasure Island: By Robert Louis Stevenson,Robert Louis Stevenson,,,,3.0,3.83,3.83,www.goodreads.com/book/show/28250754-treasure-island
40732498,read,0872205541,"The Trial and Death of Socrates (Euthyphro, Apology, Crito, Phaedo",Plato,58.0,2001-01-01,Hackett Publishing Company,5.0,4.09,4.09,www.goodreads.com/book/show/22632.The_Trial_and_Death_of_Socrates_Euthyphro_Apology_Crito_Phaedo
40732498,read,8466368523,La tía Julia y el escribidor,Mario Vargas Llosa,240.0,2006-01-01,Punto de Lectura,5.0,3.92,3.92,www.goodreads.com/book/show/2510830.La_t_a_Julia_y_el_escribidor
40732498,read,0761954678,"Understanding Classical Sociology: Marx, Weber, Durkheim",John A. Hughes,246.0,2003-01-01,Sage Publications Ltd,4.0,3.71,3.71,www.goodreads.com/book/show/861370.Understanding_Classical_Sociology
40732498,read,8475224458,Uno Es El Poeta: Antología,Jaime Sabines,,,,3.0,4.16,4.16,www.goodreads.com/book/show/2022457.Uno_Es_El_Poeta
40732498,read,0198728794,Utilitarianism: A Very Short Introduction,Katarzyna De Lazari-Radek,144.0,2017-01-01,Oxford University Press,,4.26,4.26,www.goodreads.com/book/show/34749756-utilitarianism
40732498,read,052109822X,Utilitarianism: For and Against,J.J.C. Smart,160.0,1973-01-01,Cambridge University Press,2.0,3.66,3.66,www.goodreads.com/book/show/365649.Utilitarianism
40732498,read,1519171684,Viaje Al Centro de La Tierra,Jules Verne,250.0,2015-01-01,Createspace Independent Publishing Platform,2.0,3.86,3.86,www.goodreads.com/book/show/27976764-viaje-al-centro-de-la-tierra
40732498,read,6074110654,Viaje al centro de mi tierra,Guillermo Sheridan,,,,4.0,4.06,4.06,www.goodreads.com/book/show/12715049-viaje-al-centro-de-mi-tierra
40732498,read,987041169X,El viaje del elefante,José Saramago,280.0,2008-01-01,Alfaguara,2.0,3.64,3.64,www.goodreads.com/book/show/6046043-el-viaje-del-elefante
40732498,read,1400069572,"The Village Effect: Why Face-to-Face Contact Is Good for Our Health, Happiness, Learning, and Longevity",Susan Pinker,285.0,2014-01-01,Spiegel & Grau,2.0,3.77,3.77,www.goodreads.com/book/show/18167005-the-village-effect
40732498,read,8420656135,La voz a ti debida,Pedro Salinas,,,,3.0,4.34,4.34,www.goodreads.com/book/show/233306.La_voz_a_ti_debida
40732498,read,0765316889,"The Well of Ascension (Mistborn, #2)",Brandon Sanderson,590.0,2007-01-01,Tor Books,3.0,4.36,4.36,www.goodreads.com/book/show/68429.The_Well_of_Ascension
40732498,read,0702250872,What Is This Thing Called Science?,Alan F. Chalmers,312.0,2013-01-01,University of Queensland Pr (Australia),3.0,3.8,3.8,www.goodreads.com/book/show/17889794-what-is-this-thing-called-science
40732498,read,0307719219,"Why Nations Fail: The Origins of Power, Prosperity, and Poverty",Daron Acemoğlu,544.0,2012-01-01,Crown Business,3.0,4.07,4.07,www.goodreads.com/book/show/12158480-why-nations-fail
40732498,read,0415732972,Why Not Capitalism?,Jason Brennan,120.0,2014-01-01,Routledge,1.0,3.8,3.8,www.goodreads.com/book/show/18762452-why-not-capitalism
40732498,read,,Why We Sleep: Unlocking the Power of Sleep and Dreams,Matthew Walker,368.0,2017-01-01,Scribner,4.0,4.37,4.37,www.goodreads.com/book/show/34466963-why-we-sleep
40732498,read,0756404738,"The Wise Man's Fear (The Kingkiller Chronicle, #2)",Patrick Rothfuss,994.0,2011-01-01,DAW Books,4.0,4.55,4.55,www.goodreads.com/book/show/1215032.The_Wise_Man_s_Fear
40732498,read,0465031072,Words Like Loaded Pistols,Sam Leith,321.0,2014-01-01,Basic Books (AZ),2.0,3.79,3.79,www.goodreads.com/book/show/19298026-words-like-loaded-pistols
40732498,read,,"Works of Edgar Allan Poe (The Works of Edgar Allan Poe in Five Volumes, #2)",Edgar Allan Poe,,2010-01-01,,4.0,4.38,4.38,www.goodreads.com/book/show/8862670-works-of-edgar-allan-poe
40732498,read,1936277433,The World's Most Instructive Amateur Game Book,Dan Heisman,328.0,2012-01-01,Mongoose Press,4.0,4.35,4.35,www.goodreads.com/book/show/16231847-the-world-s-most-instructive-amateur-game-book
40732498,read,0062508113,The World's Religions,Huston Smith,416.0,1991-01-01,HarperOne,3.0,4.03,4.03,www.goodreads.com/book/show/10285.The_World_s_Religions
40732498,read,0226041085,"Writing for Social Scientists: How to Start and Finish Your Thesis, Book, or Article",Howard S. Becker,187.0,1986-01-01,University Of Chicago Press,4.0,4.02,4.02,www.goodreads.com/book/show/136541.Writing_for_Social_Scientists
40732498,read,0195179560,Writing Philosophy: A Student's Guide to Writing Philosophy Essays,Lewis Vaughn,149.0,2005-01-01,"Oxford University Press, USA",4.0,3.61,3.61,www.goodreads.com/book/show/31831.Writing_Philosophy
40732498,read,8478718575,Y no quedó ninguno,Agatha Christie,222.0,2007-01-01,Rba Libros,4.0,4.26,4.26,www.goodreads.com/book/show/2468267.Y_no_qued_ninguno
40732498,read,,Your Move: The Underdog's Guide to Building Your Business,Ramit Sethi,,,,3.0,4.0,4.0,www.goodreads.com/book/show/35202699-your-move
40732498,read,,Your Perfect Right: Assertiveness and Equality in Your Life and Relationships,Robert Alberti,,,,1.0,3.75,3.75,www.goodreads.com/book/show/664676.Your_Perfect_Right
40732498,read,8490625662,¿Quién mató a Palomino Molero?,Mario Vargas Llosa,176.0,2015-01-01,Debolsillo,3.0,3.55,3.55,www.goodreads.com/book/show/25785265-qui-n-mat-a-palomino-molero
40732498,read,1496401395,�quiero Publicar Mi Libro!,Juan Trivi Guirado,114.0,2014-01-01,Tyndale House Publishers,2.0,2.67,2.67,www.goodreads.com/book/show/22782826-quiero-publicar-mi-libro
40732498,to-read,0578522829,The 5 Mistakes Every Investor Makes and How to Avoid Them: Getting Investing Right,Peter Mallouk,194.0,2014-01-01,Peter Mallouk,,4.31,4.31,www.goodreads.com/book/show/46255785-the-5-mistakes-every-investor-makes-and-how-to-avoid-them
40732498,to-read,,"Actionable Gamification: Beyond Points, Badges, and Leaderboards",Yu-kai Chou,,,,,4.16,4.16,www.goodreads.com/book/show/25416321-actionable-gamification
40732498,to-read,,"All Systems Red (The Murderbot Diaries, #1)",Martha Wells,144.0,2017-01-01,Tor.com,,4.15,4.15,www.goodreads.com/book/show/32758901-all-systems-red
40732498,to-read,0061711306,Animal Liberation,Peter Singer,368.0,2009-01-01,Harper Perennial Modern Classics,,4.27,4.27,www.goodreads.com/book/show/4896787-animal-liberation
40732498,to-read,1137560851,Approaching Infinity,Michael Huemer,288.0,2016-01-01,Palgrave Macmillan,,3.83,3.83,www.goodreads.com/book/show/27158892-approaching-infinity
40732498,to-read,0743255062,The Autobiography of Benjamin Franklin,Benjamin Franklin,143.0,2004-01-01,Touchstone,,3.84,3.84,www.goodreads.com/book/show/52309.The_Autobiography_of_Benjamin_Franklin
40732498,to-read,0670022950,The Better Angels of Our Nature: Why Violence Has Declined,Steven Pinker,802.0,2011-01-01,Viking,,4.15,4.15,www.goodreads.com/book/show/11107244-the-better-angels-of-our-nature
40732498,to-read,0142003344,The Blank Slate: The Modern Denial of Human Nature,Steven Pinker,528.0,2003-01-01,Penguin Books,,4.08,4.08,www.goodreads.com/book/show/5752.The_Blank_Slate
40732498,to-read,0826429890,The Bloomsbury Encyclopedia of Utilitarianism,James E. Crimmins,608.0,2013-01-01,Bloomsbury Academic,,4.5,4.5,www.goodreads.com/book/show/13799220-the-bloomsbury-encyclopedia-of-utilitarianism
40732498,to-read,0226556743,Bourgeois Dignity: Why Economics Can't Explain the Modern World,Deirdre N. McCloskey,592.0,2011-01-01,University of Chicago Press,,4.14,4.14,www.goodreads.com/book/show/11340501-bourgeois-dignity
40732498,to-read,0226556646,The Bourgeois Virtues: Ethics for an Age of Commerce,Deirdre N. McCloskey,634.0,2007-01-01,University of Chicago Press,,3.84,3.84,www.goodreads.com/book/show/864898.The_Bourgeois_Virtues
40732498,to-read,0199233624,British Ethical Theorists from Sidgwick to Ewing,Thomas Hurka,320.0,2015-01-01,"Oxford University Press, USA",,4.83,4.83,www.goodreads.com/book/show/22252031-british-ethical-theorists-from-sidgwick-to-ewing
40732498,to-read,0575003499,Business Adventures,John Brooks,408.0,,Littlehampton Book Services Ltd,,3.82,3.82,www.goodreads.com/book/show/4191136-business-adventures
40732498,to-read,6071103169,Caín,José Saramago,189.0,2010-01-01,Alfaguara,,3.94,3.94,www.goodreads.com/book/show/7086348-ca-n
40732498,to-read,1784830003,Chess Structures: A Grandmaster Guide,Mauricio Flores Rios,464.0,2015-01-01,Quality Chess,,4.6,4.6,www.goodreads.com/book/show/24971830-chess-structures
40732498,to-read,0979594022,Chess Visualization Course,Ian Anderson,,,,,4.0,4.0,www.goodreads.com/book/show/13344995-chess-visualization-course
40732498,to-read,1941999700,Cinco esquinas,Mario Vargas Llosa,314.0,2016-01-01,,,3.42,3.42,www.goodreads.com/book/show/28190198-cinco-esquinas
40732498,to-read,0735611319,Code: The Hidden Language of Computer Hardware and Software,Charles Petzold,400.0,2000-01-01,Microsoft Press,,4.4,4.4,www.goodreads.com/book/show/44882.Code
40732498,to-read,0262038145,The Cost-Benefit Revolution,Cass R. Sunstein,288.0,2018-01-01,MIT Press,,3.62,3.62,www.goodreads.com/book/show/39644138-the-cost-benefit-revolution
40732498,to-read,022623973X,The Craft of Research,Wayne C. Booth,316.0,2016-01-01,University of Chicago Press,,3.89,3.89,www.goodreads.com/book/show/26195626-the-craft-of-research
40732498,to-read,848383510X,Crónica del pájaro que da cuerda al mundo,Haruki Murakami,912.0,2001-01-01,Tusquets Editores S.A.,,4.16,4.16,www.goodreads.com/book/show/3392482-cr-nica-del-p-jaro-que-da-cuerda-al-mundo
40732498,to-read,0615652425,Dictator's Handbook: A Practical Manual for the Aspiring Tyrant,Randall   Wood,320.0,2012-01-01,Gull Pond Books,,4.1,4.1,www.goodreads.com/book/show/15708929-dictator-s-handbook
40732498,to-read,,"The Dispossessed (Hainish Cycle, #6)",Ursula K. Le Guin,387.0,1994-01-01,Harper Voyager,,4.2,4.2,www.goodreads.com/book/show/13651.The_Dispossessed
40732498,to-read,0525622179,The Dumb Things Smart People Do with Their Money: Thirteen Ways to Right Your Financial Wrongs,Jill Schlesinger,288.0,2019-01-01,Ballantine Books,,3.76,3.76,www.goodreads.com/book/show/40265842-the-dumb-things-smart-people-do-with-their-money
40732498,to-read,1426489099,The Economic Consequences of the Peace,John Maynard Keynes,188.0,2008-01-01,BiblioLife,,3.95,3.95,www.goodreads.com/book/show/368293.The_Economic_Consequences_of_the_Peace
40732498,to-read,0393353419,Economics Rules: The Rights and Wrongs of the Dismal Science,Dani Rodrik,272.0,2016-01-01,W. W. Norton  Company,,3.93,3.93,www.goodreads.com/book/show/28789662-economics-rules
40732498,to-read,0198841361,Effective Altruism. Philosophical Issues,Hilary Greaves,,,,,4.83,4.83,www.goodreads.com/book/show/52963764-effective-altruism-philosophical-issues
40732498,to-read,019928301X,The Emotional Construction of Morals,Jesse J. Prinz,334.0,2007-01-01,OUP Oxford,,4.03,4.03,www.goodreads.com/book/show/2945605-the-emotional-construction-of-morals
40732498,to-read,1403989680,Ethical Intuitionism,Michael Huemer,288.0,2006-01-01,Palgrave Macmillan,,4.06,4.06,www.goodreads.com/book/show/989658.Ethical_Intuitionism
40732498,to-read,0195169824,The Ethics of Killing: Problems at the Margins of Life,Jeff McMahan,560.0,2003-01-01,"Oxford University Press, USA",,3.98,3.98,www.goodreads.com/book/show/971271.The_Ethics_of_Killing
40732498,to-read,0521644917,Ethics Out of Economics,John  Broome,276.0,1999-01-01,Cambridge University Press,,3.5,3.5,www.goodreads.com/book/show/2114071.Ethics_Out_of_Economics
40732498,to-read,1473637465,Factfulness: Ten Reasons We're Wrong About the World – and Why Things Are Better Than You Think,Hans Rosling,342.0,2018-01-01,Sceptre,,4.35,4.35,www.goodreads.com/book/show/34890015-factfulness
40732498,to-read,,The Fault in Our Stars,John Green,313.0,2012-01-01,Dutton Books,,4.2,4.2,www.goodreads.com/book/show/11870085-the-fault-in-our-stars
40732498,to-read,168373288X,Feeling Great: The Revolutionary New Treatment for Depression and Anxiety,David Burns,454.0,2020-01-01,Pesi Publishing & Media,,4.29,4.29,www.goodreads.com/book/show/52981399-feeling-great
40732498,to-read,0415178916,Foundations of Economics: A Beginner's Companion,Yanis Varoufakis,424.0,1998-01-01,Routledge,,4.29,4.29,www.goodreads.com/book/show/95960.Foundations_of_Economics
40732498,to-read,019881092X,Freedom and Reason,R.M. Hare,236.0,1977-01-01,"Oxford University Press, USA",,3.67,3.67,www.goodreads.com/book/show/2439043.Freedom_and_Reason
40732498,to-read,0321834739,The Functional Art: An Introduction to Information Graphics and Visualization,Alberto Cairo,384.0,2012-01-01,New Riders Publishing,,4.18,4.18,www.goodreads.com/book/show/13705587-the-functional-art
40732498,to-read,0753554526,The Good Ancestor: How to Think Long Term in a Short Term World,Roman Krznaric,,,,,4.29,4.29,www.goodreads.com/book/show/49261811-the-good-ancestor
40732498,to-read,1421437961,Good Work If You Can Get It: How to Succeed in Academia,Jason Brennan,,,,,4.15,4.15,www.goodreads.com/book/show/52541000-good-work-if-you-can-get-it
40732498,to-read,,Guia de Impuestos para el Inversionista - Bolsa de Valores Nacional e Internacional,Mario R. Gil,,,,,4.67,4.67,www.goodreads.com/book/show/54797242-guia-de-impuestos-para-el-inversionista---bolsa-de-valores-nacional-e-in
40732498,to-read,,Guia de Impuestos para el Inversionista - Renta Fija En Sistema Bancario/SOFIPOs/SOCAPs,Mario R. Gil,,,,,4.0,4.0,www.goodreads.com/book/show/54676693-guia-de-impuestos-para-el-inversionista---renta-fija-en-sistema-bancario
40732498,to-read,0739467352,"Guns, Germs, and Steel: The Fates of Human Societies",Jared Diamond,425.0,2005-01-01,W.W. Norton & Company,,4.03,4.03,www.goodreads.com/book/show/1842.Guns_Germs_and_Steel
40732498,to-read,0316167258,Happiness: A Guide to Developing Life's Most Important Skill,Matthieu Ricard,304.0,2007-01-01,"Little, Brown and Company",,4.04,4.04,www.goodreads.com/book/show/96885.Happiness
40732498,to-read,0465019749,The Haves and the Have-Nots: A Brief and Idiosyncratic History of Global Inequality,Branko Milanović,272.0,2010-01-01,Basic Books,,3.74,3.74,www.goodreads.com/book/show/8906588-the-haves-and-the-have-nots
40732498,to-read,1884829988,The High Cost of Free Parking,Donald C. Shoup,733.0,2005-01-01,American Planning Association,,4.25,4.25,www.goodreads.com/book/show/101843.The_High_Cost_of_Free_Parking
40732498,to-read,1594205221,How Not to Be Wrong: The Power of Mathematical Thinking,Jordan Ellenberg,480.0,2014-01-01,Penguin Press,,3.96,3.96,www.goodreads.com/book/show/18693884-how-not-to-be-wrong
40732498,to-read,0553803700,"I, Robot (Robot, #0.1)",Isaac Asimov,224.0,2004-01-01,Bantam Books,,4.2,4.2,www.goodreads.com/book/show/41804.I_Robot
40732498,to-read,,Impuestos a tus Inversiones. Lo que debes saber de impuestos,C.P. Eduardo Pinal Lara,22.0,,,,4.0,4.0,www.goodreads.com/book/show/55443977-impuestos-a-tus-inversiones-lo-que-debes-saber-de-impuestos
40732498,to-read,3319069098,Introduction to Law,Jaap Hage,344.0,2014-01-01,Springer,,3.89,3.89,www.goodreads.com/book/show/21933765-introduction-to-law
40732498,to-read,019929609X,An Introduction to Political Philosophy,Jonathan Wolff,215.0,2006-01-01,"Oxford University Press, USA",,4.14,4.14,www.goodreads.com/book/show/31851.An_Introduction_to_Political_Philosophy
40732498,to-read,1681372150,Kolyma Stories,Varlam Shalamov,1660.0,2018-01-01,New York Review of Books,,4.49,4.49,www.goodreads.com/book/show/38813815-kolyma-stories
40732498,to-read,0198239165,The Limits of Morality,Shelly Kagan,432.0,1991-01-01,Clarendon Press,,3.82,3.82,www.goodreads.com/book/show/624036.The_Limits_of_Morality
40732498,to-read,0195108590,Living High and Letting Die: Our Illusion of Innocence,Peter K. Unger,200.0,1996-01-01,"Oxford University Press, USA",,3.85,3.85,www.goodreads.com/book/show/1139000.Living_High_and_Letting_Die
40732498,to-read,0192893203,Logic: A Very Short Introduction,Graham Priest,144.0,2001-01-01,"Oxford University Press, USA",,3.64,3.64,www.goodreads.com/book/show/703712.Logic
40732498,to-read,1593851286,The Mindful Way through Depression: Freeing Yourself from Chronic Unhappiness,J. Mark G. Williams,273.0,2007-01-01,The Guilford Press,,4.07,4.07,www.goodreads.com/book/show/112588.The_Mindful_Way_through_Depression
40732498,to-read,,Mindset: The New Psychology of Success,Carol S. Dweck,276.0,2006-01-01,Random House,,4.06,4.06,www.goodreads.com/book/show/40745.Mindset
40732498,to-read,0691143781,Money Changes Everything: How Finance Made Civilization Possible,William N. Goetzmann,600.0,2016-01-01,Princeton University Press,,3.97,3.97,www.goodreads.com/book/show/26597296-money-changes-everything
40732498,to-read,0198722273,Moral Uncertainty,William MacAskill,240.0,2020-01-01,"Oxford University Press, USA",,4.31,4.31,www.goodreads.com/book/show/49046572-moral-uncertainty
40732498,to-read,0465047327,More Work For Mother: The Ironies Of Household Technology From The Open Hearth To The Microwave,Ruth Schwartz Cowan,288.0,1985-01-01,Basic Books,,4.02,4.02,www.goodreads.com/book/show/698373.More_Work_For_Mother
40732498,to-read,,The Motivation Hacker,Nick Winter,138.0,2013-01-01,Smashwords Edition,,3.75,3.75,www.goodreads.com/book/show/17788725-the-motivation-hacker
40732498,to-read,039334777X,Naked Statistics: Stripping the Dread from the Data,Charles Wheelan,282.0,2014-01-01,W. W. Norton  Company,,3.94,3.94,www.goodreads.com/book/show/17986418-naked-statistics
40732498,to-read,,"The Narrow Corridor: States, Societies, and the Fate of Liberty",Daron Acemoğlu,,,,,4.27,4.27,www.goodreads.com/book/show/52884091-the-narrow-corridor
40732498,to-read,,"Neuromancer (Sprawl, #1)",William Gibson,271.0,1984-01-01,Ace Books,,3.9,3.9,www.goodreads.com/book/show/22328.Neuromancer
40732498,to-read,0385512058,"Never Eat Alone: And Other Secrets to Success, One Relationship at a Time",Keith Ferrazzi,309.0,2005-01-01,Crown Business,,3.86,3.86,www.goodreads.com/book/show/84699.Never_Eat_Alone
40732498,to-read,0062407805,Never Split the Difference,Chris Voss,274.0,2016-01-01,Harper Business,,4.4,4.4,www.goodreads.com/book/show/26156469-never-split-the-difference
40732498,to-read,0762415339,No More Mr. Nice Guy,Robert A. Glover,208.0,2003-01-01,Running Press Adult,,4.06,4.06,www.goodreads.com/book/show/97642.No_More_Mr_Nice_Guy
40732498,to-read,1551111993,On Liberty - Ed. Alexander,John Stuart Mill,294.0,1999-01-01,Broadview Press Inc,,3.97,3.97,www.goodreads.com/book/show/2743856-on-liberty---ed-alexander
40732498,to-read,0199572801,"On What Matters, Volume One",Derek Parfit,592.0,2011-01-01,"Oxford University Press, USA",,4.27,4.27,www.goodreads.com/book/show/10727702-on-what-matters-volume-one
40732498,to-read,019957281X,On What Matters: Volume Two,Derek Parfit,825.0,2011-01-01,"Oxford University Press, USA",,4.39,4.39,www.goodreads.com/book/show/10727699-on-what-matters
40732498,to-read,0300103050,One World: The Ethics of Globalization,Peter Singer,272.0,2004-01-01,Yale University Press,,3.73,3.73,www.goodreads.com/book/show/29381.One_World
40732498,to-read,,Oxford Guide to Plain English,Martin Cutts,,,,,4.17,4.17,www.goodreads.com/book/show/19299632-oxford-guide-to-plain-english
40732498,to-read,0199668779,The Oxford Handbook of Philosophical Methodology,Herman Cappelen,688.0,2016-01-01,"Oxford University Press, USA",,3.8,3.8,www.goodreads.com/book/show/26721292-the-oxford-handbook-of-philosophical-methodology
40732498,to-read,0199313792,The Oxford Handbook of Thinking and Reasoning,Keith J. Holyoak,836.0,2013-01-01,"Oxford University Press, USA",,4.08,4.08,www.goodreads.com/book/show/17436595-the-oxford-handbook-of-thinking-and-reasoning
40732498,to-read,3319904892,Paradox Lost: Logical Solutions to Ten Puzzles of Philosophy,Michael Huemer,,,,,4.8,4.8,www.goodreads.com/book/show/40071280-paradox-lost
40732498,to-read,,Pawn Structure Chess,Andrew Soltis,,,,,4.05,4.05,www.goodreads.com/book/show/24226831-pawn-structure-chess
40732498,to-read,0415657032,Paying Our High Public Officials: Evaluating the Political Justifications of Top Wages in the Public Sector,Teun Dekker,224.0,2012-01-01,Routledge,,4.0,4.0,www.goodreads.com/book/show/15859294-paying-our-high-public-officials
40732498,to-read,1401309704,The Power Of Less: The Fine Art of Limiting Yourself to the Essential,Leo Babauta,170.0,2009-01-01,Hachette Books,,3.78,3.78,www.goodreads.com/book/show/3467088-the-power-of-less
40732498,to-read,1526600218,The Precipice: Existential Risk and the Future of Humanity,Toby  Ord,,,,,4.28,4.28,www.goodreads.com/book/show/50485582-the-precipice
40732498,to-read,0385094027,The Presentation of Self in Everyday Life,Erving Goffman,259.0,1959-01-01,Anchor Books,,4.1,4.1,www.goodreads.com/book/show/931984.The_Presentation_of_Self_in_Everyday_Life
40732498,to-read,1137281650,The Problem of Political Authority: An Examination of the Right to Coerce and the Duty to Obey,Michael Huemer,365.0,2012-01-01,Palgrave Macmillan,,4.5,4.5,www.goodreads.com/book/show/15794037-the-problem-of-political-authority
40732498,to-read,1449319793,Python for Data Analysis,Wes McKinney,400.0,2012-01-01,O'Reilly Media,,4.13,4.13,www.goodreads.com/book/show/14744694-python-for-data-analysis
40732498,to-read,019824908X,Reasons and Persons,Derek Parfit,543.0,1986-01-01,Oxford University Press,,4.26,4.26,www.goodreads.com/book/show/327051.Reasons_and_Persons
40732498,to-read,0143129716,The Reducetarian Solution: How the Surprisingly Simple Act of Reducing the Amount of Meat in Your Diet Can Transform Your Health and the Planet,Brian Kateman,302.0,2017-01-01,Tarcherperigee,,3.53,3.53,www.goodreads.com/book/show/30763729-the-reducetarian-solution
40732498,to-read,0312144016,Rethinking Life and Death: The Collapse of Our Traditional Ethics,Peter Singer,272.0,2000-01-01,St. Martin's Griffin,,3.95,3.95,www.goodreads.com/book/show/29385.Rethinking_Life_and_Death
40732498,to-read,0199252653,The Right and the Good,William David Ross,256.0,2002-01-01,OUP Oxford,,4.13,4.13,www.goodreads.com/book/show/1758100.The_Right_and_the_Good
40732498,to-read,0192860925,The Selfish Gene,Richard Dawkins,352.0,,,,4.14,4.14,www.goodreads.com/book/show/315240.The_Selfish_Gene
40732498,to-read,1890085103,Silman's Complete Endgame Course: From Beginner to Master,Jeremy Silman,530.0,2006-01-01,Siles Press,,4.33,4.33,www.goodreads.com/book/show/83337.Silman_s_Complete_Endgame_Course
40732498,to-read,155786909X,Singer and His Critics,Dale Jamieson,380.0,1999-01-01,Wiley-Blackwell,,4.6,4.6,www.goodreads.com/book/show/1670980.Singer_and_His_Critics
40732498,to-read,0062322605,The State of Affairs: Rethinking Infidelity,Esther Perel,352.0,2017-01-01,Harper,,4.36,4.36,www.goodreads.com/book/show/34017010-the-state-of-affairs
40732498,to-read,,"The Stone Sky (The Broken Earth, #3)",N.K. Jemisin,416.0,2017-01-01,Orbit,,4.32,4.32,www.goodreads.com/book/show/31817749-the-stone-sky
40732498,to-read,1400077427,Stumbling on Happiness,Daniel Todd Gilbert,263.0,2007-01-01,Vintage,,3.83,3.83,www.goodreads.com/book/show/56627.Stumbling_on_Happiness
40732498,to-read,,The Subtle Art of Not Giving a F*ck: A Counterintuitive Approach to Living a Good Life,Mark Manson,224.0,2016-01-01,Harper,,3.94,3.94,www.goodreads.com/book/show/28257707-the-subtle-art-of-not-giving-a-f-ck
40732498,to-read,0199678111,"Superintelligence: Paths, Dangers, Strategies",Nick Bostrom,328.0,2014-01-01,"Oxford University Press, USA",,3.87,3.87,www.goodreads.com/book/show/20527133-superintelligence
40732498,to-read,,Tiempos recios,Mario Vargas Llosa,,,Alfaguara,,4.13,4.13,www.goodreads.com/book/show/50890188-tiempos-recios
40732498,to-read,0321934075,"The Truthful Art: Data, Charts, and Maps for Communication",Alberto Cairo,400.0,2016-01-01,New Riders Publishing,,4.28,4.28,www.goodreads.com/book/show/26401716-the-truthful-art
40732498,to-read,157954889X,The Way We Eat: Why Our Food Choices Matter,Peter Singer,328.0,2006-01-01,Rodale Books,,4.08,4.08,www.goodreads.com/book/show/29377.The_Way_We_Eat
40732498,to-read,0393318885,The Wealth and Poverty of Nations: Why Some Are So Rich and Some So Poor,David S. Landes,531.0,1999-01-01,W. W. Norton  Company,,3.96,3.96,www.goodreads.com/book/show/209176.The_Wealth_and_Poverty_of_Nations
40732498,to-read,0631199721,Weighing Goods,John  Broome,,1995-01-01,Wiley-Blackwell,,4.27,4.27,www.goodreads.com/book/show/1557927.Weighing_Goods
40732498,to-read,019924376X,Weighing Lives,John  Broome,286.0,2004-01-01,Clarendon Press,,4.33,4.33,www.goodreads.com/book/show/7003406-weighing-lives
40732498,to-read,,The WEIRDest People in the World: How the West Became Psychologically Peculiar and Particularly Prosperous,Joseph Henrich,,,,,4.28,4.28,www.goodreads.com/book/show/51710349-the-weirdest-people-in-the-world
40732498,to-read,030012385X,What Intelligence Tests Miss: The Psychology of Rational Thought,Keith E. Stanovich,328.0,2009-01-01,Yale University Press,,4.11,4.11,www.goodreads.com/book/show/6251150-what-intelligence-tests-miss
40732498,to-read,0316014982,Writing Tools: 50 Essential Strategies for Every Writer,Roy Peter Clark,260.0,2006-01-01,"Little, Brown and Company",,4.18,4.18,www.goodreads.com/book/show/51750.Writing_Tools
40732498,to-read,0143115766,Your Money or Your Life,Vicki Robin,328.0,2008-01-01,Penguin Books,,4.07,4.07,www.goodreads.com/book/show/5634236-your-money-or-your-life
40732498,to-read,,Your Money or Your Life,Vicki Robin,366.0,,Penguin Books,,4.07,4.07,www.goodreads.com/book/show/43560266-your-money-or-your-life
